//-- BEGIN TABLETS TITLE --//
specialty=Specialty
general=General
orthodontics=Orthodontics
prosthodontics=Prosthodontics
endodontics=Endodontics
periodontics=Periodontics
oral_surgery=Oral Surgery
pediatric_dentistry=Pediatric Dentistry
operative_esthetic_dentistry=Operative and Esthetic Dentistry
//-- END TABLETS TITLE --//

coming_soon=Coming Soon ...
